[
	{
		"id": "1",
		"title": "Makhaia Antitni",
		"designation": "President & CEO",
		"text": "Podcasting operational change management inside of workflows to establish a framework. Taking seamless key performance indicators offline to maximise the long tail. Keeping your eye on the ball while performing a deep dive",
		"category": "IT Technology",
		"image": "../../assets/img/team/1.jpg",
		"url": "makhaia-antitni",
		"social": {
			"email":"claire@website.com",
			"phone":"(123) - 222-1452",
			"facebook":"facebook.com/1",
			"twitter":"#",
			"instagram":"#",
			"linkedin":"#",
			"pinterest":"#"
		}
	}
]


