[
    {
      "id": "1",
      "title": "Necessity May Give Us Your Best Virtual Court System",
      "text": "We denounce with righteous indige nation and dislike men who are so beguiled...",
      "category": "Software Development",
      "image": "../../assets/img/blog/style2/1.jpg",
      "url": "/blog-post-1",
      "date": "April 17, 2021",
      "author": "Somalia",
      "comment": "03"
    },
    {
      "id": "2",
      "title": "Tech Products That Makes Its Easier to Stay at Home",
      "text": "We denounce with righteous indige nation and dislike men who are so beguiled...",
      "category": "Web Development",
      "image": "../../assets/img/blog/style2/2.jpg",
      "url": "/blog-post-2",
      "date": "June 07, 2021",
      "author": "James",
      "comment": "02"
    },
    {
      "id": "3",
      "title": "Open Source Job Report Show More Openings Fewer",
      "text": "We denounce with righteous indige nation and dislike men who are so beguiled...",
      "category": "Graphics Design",
      "image": "../../assets/img/blog/style2/3.jpg",
      "url": "/blog-post-3",
      "date": "August 11, 2021",
      "author": "Stuard",
      "comment": "05"
    },
    {
      "id": "4",
      "title": "Types of Social Proof What its Makes Them Effective",
      "text": "We denounce with righteous indige nation and dislike men who are so beguiled...",
      "category": "Graphics Design",
      "image": "../../assets/img/blog/style2/4.jpg",
      "url": "/blog-post-4",
      "date": "August 11, 2021",
      "author": "Maxtrim",
      "comment": "08"
    }
  ]
