[
	{
	  "id": "1",
	  "title": "Necessity May Give Us Your Best Virtual Court System",
	  "text": "<p>We denounce with righteous indige nation and dislike men who are so beguiled, sed do eiusmod tempor incididunt ut labore et dolore magna aliqua. Ut enim ad minim veniam, quis nostrud exercitation ullamco laboris nisi ut aliquip ex ea commodo. </p> <p> Bccaecat cupidatat non proident, sunt in culpa qui officia deserunt mollit anim id est laborum. Sed ut perspiciatis unde omnis iste natus error sit voluptatem accusantium doloremque laudantium, totam rem aperiam, eaque ipsa quae ab illo inventore veritatis et quasi architecto beatae vitae dicta sunt explicabo. Nemo enim ipsam voluptatem quia voluptas sit aspernatur aut odit aut fugit, sed quia consequuntur magni dolores eos qui ratione voluptatem sequi nesciunt. Neque porro quisquam est, qui dolorem ipsum quia dolor sit amet, consectetur, adipisci velit, sed quia non numquam eius modi tempora incidunt ut labore et dolore magnam aliquam quaerat voluptatem.</p> <blockquote> <p>Lorem ipsum dolor sit amet, consectetur cing elit, sed do eiusmod tempor.</p> <footer>- Rosalina Pong</footer></blockquote>",
	  "category": "Software Development",
	  "image": "assets/img/blog/1.jpg",
	  "url": "/blog-post-1",
	  "date": "August 11, 2020",
	  "author": "Somalia",
	  "comment": "03"
	}
]


